35.187.118.51,100.0,10634
63.143.42.250,6.040391909192085,1173
40.77.167.6,1.0,4
46.229.168.140,1.0,14
46.229.168.149,1.4407184289972932,30
46.229.168.153,1.0,20
91.242.162.66,1.9158883083359672,2
46.229.168.161,1.583434397769155,14
46.229.168.142,1.0068322982087674,24
46.229.168.141,1.0313254949209203,25
46.229.168.150,1.0,23
54.36.149.19,1.0,1
54.36.150.70,1.0,1
54.36.150.48,1.0,3
54.36.149.59,1.0,1
54.36.149.7,1.0,1
46.229.168.143,1.0,30
46.229.168.146,1.2546254720149896,22
46.229.168.133,3.7775021196025973,27
54.36.148.214,1.0,3
46.229.168.134,3.4548579228128893,26
207.46.13.26,2.875055681536833,6
86.177.248.9,15.151364056827978,191
157.55.39.143,1.0,1
216.244.66.197,4.370513780350956,44
46.229.168.163,2.4546254720149894,22
54.36.148.238,1.0,2
185.21.208.127,1.0,28
157.55.39.128,1.0,2
46.229.168.148,1.9068322982087673,24
200.10.94.171,1.0,1
194.74.151.201,1.0,2
46.229.168.130,1.0,34
74.214.251.194,1.0,16
46.229.168.152,1.9068322982087673,24
46.229.168.139,1.0,24
54.36.150.28,1.0,1
54.36.150.26,1.0,2
157.55.39.90,1.9158883083359672,2
54.36.150.47,1.0,5
46.229.168.131,2.0203774979918845,29
46.229.168.151,1.0999280064337298,17
194.61.24.46,100.0,1090
41.210.143.9,1.0,5
203.133.169.111,1.3635532333438687,16
2a03:2880:20ff:25::face:b00c,1.0,1
40.77.167.159,1.0,2
54.36.150.21,1.0,2
46.229.168.129,1.226713462634054,21
46.229.168.138,3.297904536879888,33
207.46.13.139,1.0,1
46.229.168.136,2.806832298208767,24
17.58.98.123,2.215888308335967,2
17.58.98.63,1.0,2
199.59.150.180,2.3317766166719345,4
2605:e000:160e:cb10:14df:934f:429b:9c4c,1.4387371636790223,11
46.229.168.132,1.0,28
54.36.148.35,2.159167373200866,3
46.229.168.147,3.098136987677788,39
2607:fcc0:6::119,1.0,2
199.10.31.194,1.0,49
180.76.15.160,2.215888308335967,2
2a03:2880:20ff:a::face:b00c,1.0,1
2a03:2880:20ff:28::face:b00c,1.0,1
2a03:2880:30ff:7::face:b00c,1.0,8
2a03:2880:30ff:10::face:b00c,1.0,2
199.59.150.181,2.3317766166719345,4
40.77.167.112,1.0,1
17.58.101.134,1.0,4
46.229.168.137,1.8267134626340538,21
77.88.47.81,1.8599999999999999,1
93.158.166.138,2.215888308335967,2
54.36.148.223,1.0,1
46.229.168.154,2.0974393641323945,20
162.158.65.242,1.8599999999999999,1
2400:cb00:36:1008::a29e:40f4,1.8599999999999999,1
162.158.64.244,1.0,98
46.229.168.144,1.0,21
209.17.97.50,1.0,3
180.76.15.143,1.0,2
54.36.149.14,1.0,1
54.36.148.96,1.0,2
178.221.238.210,1.015888308335967,2
40.77.167.44,1.0,2
66.249.69.60,1.8599999999999999,1
66.249.69.62,1.0,1
40.77.167.160,1.0,1
54.36.150.0,1.0,1
40.77.167.150,1.0,3
37.9.87.181,2.3974393641323943,20
40.77.167.27,1.0,1
191.96.132.207,1.0,1
54.36.149.89,1.0,2
5.255.250.25,1.0,2
77.88.47.90,2.215888308335967,2
54.36.150.155,1.0,2
54.36.149.62,1.8599999999999999,1
54.36.148.103,1.0,3
77.72.0.74,32.06991387300046,1043
40.77.167.106,1.56566274746046,5
54.36.148.11,1.0,2
157.55.39.152,1.0,4
40.77.167.208,1.0,1
91.242.162.71,1.9750556815368328,6
2a03:2880:10ff:10::face:b00c,1.0,1
2a03:2880:10ff:1e::face:b00c,1.0,1
2a03:2880:10ff:b::face:b00c,1.0,1
46.229.168.135,1.1974393641323946,20
54.36.148.220,1.0,3
60.191.38.77,1.0,4
77.88.47.25,1.0,1
184.154.36.174,1.0,21
54.36.150.53,1.0,1
40.77.167.20,1.0,2
54.39.178.250,1.8599999999999999,1
199.16.157.180,1.9158883083359672,2
180.76.15.137,1.0,2
54.36.149.104,1.0,3
54.36.150.172,1.0,1
54.36.148.91,1.0,1
54.36.148.204,1.0,1
35.189.52.196,1.0,1
40.77.167.63,1.0,3
54.36.150.15,1.0,1
199.16.157.183,1.9158883083359672,2
40.77.167.16,1.0,2
180.76.15.163,1.0,1
108.174.2.214,1.0,2
206.223.238.195,1.0,1
54.36.150.169,1.0,1
54.36.148.235,1.0,1
207.46.13.37,1.0,4
46.229.168.145,1.5267134626340537,21
54.36.148.202,1.0,1
66.249.79.26,2.9909439898728003,12
5.196.56.126,1.0,1
5.196.56.99,1.0,2
2a03:2880:20ff:7::face:b00c,1.0,2
2a03:2880:20ff:10::face:b00c,1.0,1
54.36.150.46,1.0,2
207.46.13.156,1.0,4
41.13.0.19,1.0,5
157.55.39.115,1.0,4
2a02:c7f:b01a:f000:80b0:62b0:6476:184c,1.0,2
77.88.5.41,1.8599999999999999,1
77.88.47.20,1.0,1
66.249.79.28,6.879441541679835,32
40.77.167.121,1.0,5
46.229.168.162,1.583434397769155,14
207.46.13.216,1.0,1
54.36.150.22,1.0,2
141.8.142.109,1.0,1
93.158.161.91,1.0,1
5.255.250.31,1.8599999999999999,1
141.8.142.182,1.0,1
37.9.87.158,1.0,2
77.88.47.61,1.0,1
54.36.148.211,1.0,1
2607:fcc0:6::114,1.0,1
204.187.14.74,1.0,16
66.249.79.2,3.5387371636790226,11
66.249.79.30,5.366663387499864,19
54.36.149.73,1.0,1
108.174.8.21,1.0,3
101.112.229.8,1.015888308335967,2
142.44.215.6,1.0,1
54.36.150.132,1.0,3
54.36.150.124,1.0,1
134.209.166.127,6.0476649250079015,8
209.17.96.194,1.0,1
54.36.150.3,1.0,3
54.36.150.153,1.0,2
54.36.150.92,1.0,1
40.77.167.218,1.0,3
5.255.250.59,1.8599999999999999,1
93.158.161.83,1.0,1
77.88.5.25,1.0,1
157.55.39.148,1.0,3
52.64.156.81,1.0,3
54.36.148.199,1.0,1
54.36.148.80,1.0,2
54.36.150.152,1.0,2
54.36.150.90,1.0,3
119.98.190.200,1.0,1
40.77.167.169,1.0,2
54.36.150.19,1.0,1
54.36.150.7,1.0,5
54.36.150.188,1.0,1
54.36.148.157,2.215888308335967,2
207.46.13.57,1.0,3
141.8.188.186,1.0,1
54.36.150.180,1.0,1
91.242.162.18,1.9158883083359672,2
207.46.13.120,1.0,1
54.36.148.111,1.8599999999999999,1
54.36.148.195,1.0,1
207.46.13.178,2.3317766166719345,4
54.36.150.122,1.0,1
180.76.15.153,1.0,1
157.55.39.24,1.0,2
180.76.15.23,1.0,1
180.76.15.142,1.0,1
54.36.149.82,1.0,3
93.158.166.144,1.0,1
184.154.36.173,1.0,22
160.202.38.241,1.5812965295574897,23
54.36.150.160,1.0,2
54.36.148.250,1.0,2
207.46.13.162,1.0,2
207.46.13.142,2.46566274746046,5
40.77.190.225,1.0,2
40.77.188.195,1.0,1
40.77.188.22,1.8599999999999999,1
40.77.188.171,1.0,1
40.77.189.235,1.8599999999999999,1
40.77.188.46,1.0,1
54.36.149.31,1.0,1
157.55.39.8,1.0,1
85.76.5.228,1.0,15
102.128.76.17,1.0,6
51.68.152.26,1.0,4
209.17.96.234,1.0,1
40.77.167.68,1.0,8
54.36.150.42,1.0,1
207.46.13.175,1.0,2
207.46.13.114,1.0,1
54.36.148.66,1.0,2
54.36.149.12,1.0,2
40.77.167.76,1.7317766166719344,4
54.36.148.22,1.0,1
54.36.148.62,1.8599999999999999,1
54.36.149.0,1.9158883083359672,2
54.36.150.14,1.0,1
207.46.13.47,1.0,2
66.249.64.118,1.0,8
66.249.64.120,1.0,3
66.249.64.116,1.0,9
54.36.150.27,1.0,2
54.36.148.14,1.0,2
54.36.150.165,1.0,2
193.111.60.5,3.19992800643373,17
157.55.39.189,1.0,2
54.36.150.44,1.0,2
157.55.39.198,1.0,6
40.77.167.165,1.0,7
209.17.97.74,1.0,2
54.36.148.106,1.0,1
54.36.150.145,1.0,1
40.77.167.87,1.0,4
54.36.150.43,1.0,1
54.36.150.25,1.0,2
54.36.148.32,1.0,1
207.46.13.174,1.0,1
40.77.167.64,1.0,3
54.36.149.94,1.0,1
157.55.39.206,1.9183347464017317,9
180.76.15.16,1.8599999999999999,1
180.76.15.161,1.0,1
109.155.208.208,3.638969614476922,13
54.36.150.120,1.0,1
180.76.15.8,1.0,1
17.58.98.72,1.0,2
54.36.150.35,1.0,1
180.76.15.140,1.8599999999999999,1
180.76.15.156,1.0,2
40.77.167.31,1.1317766166719343,4
207.46.13.100,1.0,6
40.77.188.74,2.159167373200866,3
157.55.39.133,1.0,2
54.36.150.39,1.0,2
54.36.148.93,1.0,1
49.144.167.91,1.0,1
54.36.149.26,1.0,1
161.69.99.11,1.0,1
132.145.138.169,2.46566274746046,5
54.36.148.180,1.0,2
54.36.148.224,1.0,1
54.36.148.212,1.0,2
40.77.167.133,1.0,9
54.36.150.104,1.0,1
180.76.15.25,1.0,1
54.36.150.34,1.0,3
180.76.15.5,1.0,1
197.87.234.156,1.0,13
113.235.189.125,1.0,1
178.66.141.73,1.0,1
144.217.14.255,1.0,2
207.46.13.48,1.0,2
184.154.36.175,1.9705137803509565,44
157.55.39.101,1.0,3
38.145.71.230,1.0,1
157.55.39.228,1.0,3
207.46.13.54,1.0,1
40.77.167.35,2.16566274746046,5
192.99.35.149,1.0,1
167.71.106.77,1.0,1
207.46.13.94,1.9158883083359672,2
3.8.24.19,1.3750556815368329,6
38.131.155.23,1.0,1
180.76.15.158,1.0,1
17.58.98.12,1.8599999999999999,1
17.58.98.73,1.0,2
157.55.39.105,1.0,1
54.36.148.117,1.0,1
54.36.148.246,1.0,2
54.36.148.100,1.8599999999999999,1
54.36.148.148,1.0,3
54.36.148.151,1.0,2
54.36.150.181,1.0,1
157.55.39.179,2.9675460894331875,7
207.46.13.20,2.3317766166719345,4
157.55.39.38,1.0,2
124.43.13.220,1.015888308335967,2
54.36.148.218,1.0,1
2a03:2880:20ff:22::face:b00c,1.0,1
54.36.148.6,1.0,1
157.55.39.20,2.5158883083359673,2
54.36.150.30,1.0,2
40.77.167.114,1.0,5
54.36.150.183,1.0,1
54.36.150.148,1.0,1
40.77.167.110,1.0,4
157.55.39.76,1.0,1
2607:fcc0:6::110,1.0,1
204.187.14.70,2.875055681536833,6
69.16.236.222,4.993805987483045,205
50.28.106.201,3.1183347464017315,9
54.36.148.174,1.015888308335967,2
54.36.148.209,1.0,2
157.55.39.44,1.0,3
157.55.39.131,1.0,5
54.36.150.87,1.0,3
54.36.150.161,1.0,1
37.9.113.141,1.0,7
54.36.150.127,1.0,1
54.36.150.51,1.0,1
66.249.79.4,1.466663387499864,19
212.227.216.180,1.0,1
212.227.216.252,1.0,3
212.227.216.196,1.0,1
212.227.216.204,1.0,3
212.227.216.244,1.0,2
212.227.216.164,1.8591673732008658,3
212.227.216.188,2.4591673732008656,3
212.227.216.172,1.0,3
212.227.216.132,1.0,1
212.227.216.228,1.0,2
212.227.216.236,1.0,2
212.227.216.148,1.0,2
212.227.216.140,1.0,1
212.227.216.212,1.0,1
66.249.79.6,2.9675460894331875,7
66.249.79.8,1.2476649250079015,8
54.36.150.158,1.0,2
41.223.118.77,1.0,6
90.249.216.86,1.0,42
54.36.150.191,1.0,2
141.8.142.115,1.0,1
54.36.150.149,1.0,2
159.69.2.127,1.0,1
106.52.62.34,1.0,1
54.36.150.24,1.0,2
40.77.167.100,1.0,1
207.46.13.104,1.7909439898728001,12
157.55.39.156,1.6183347464017317,9
207.46.13.166,1.8591673732008658,3
178.80.105.204,1.0,2
192.99.15.139,1.0,1
207.46.13.107,1.0,2
157.55.39.120,1.0,1
157.55.39.136,1.0,1
37.9.113.96,1.0,1
213.180.203.58,1.0,1
54.36.150.174,1.0,2
54.36.150.55,1.0,2
40.77.167.210,1.0,6
54.36.149.51,1.0,1
157.55.39.139,1.8591673732008658,3
162.158.64.138,1.8599999999999999,1
162.158.106.40,3.9981369876777877,39
172.68.58.201,1.0,2
172.68.58.21,1.0,5
162.158.74.169,1.0,11
172.68.59.16,1.0,2
162.158.75.182,1.0,11
172.68.58.225,1.0,2
162.158.126.124,2.4591673732008656,3
162.158.126.74,1.0,3
108.162.229.6,1.0,1
162.158.126.130,2.4591673732008656,3
162.158.126.26,1.0,1
162.158.126.52,2.4591673732008656,3
108.162.245.122,1.0,1
162.158.106.106,2.875055681536833,6
141.101.104.205,3.1815510557964273,10
108.162.229.94,1.0,1
207.46.13.211,1.0,1
162.158.107.163,1.0,2
162.158.158.95,1.0,6
52.125.138.1,3.2317766166719344,4
162.158.38.32,2.4591673732008656,3
162.158.107.151,1.0,5
172.68.189.245,1.0,2
162.158.106.4,1.8591673732008658,3
162.158.107.153,1.0,2
172.69.55.176,1.0,1
141.101.76.158,1.0,1
172.69.54.145,1.0,1
141.101.104.201,1.0,1
162.158.111.11,1.0,1
162.158.111.119,1.0,1
162.158.106.70,1.0,2
207.46.13.157,1.0,2
108.162.229.110,1.0,1
100.26.230.106,1.0,13
66.249.79.11,1.0,3
162.158.66.134,1.8599999999999999,1
108.162.246.51,1.8599999999999999,1
172.69.62.218,1.0,32
172.68.65.46,1.0,8
172.69.62.44,1.0,3
172.69.63.101,2.215888308335967,2
162.158.78.218,1.0,1
172.69.63.73,2.215888308335967,2
172.69.62.200,1.0,2
172.69.63.137,2.215888308335967,2
172.68.65.148,2.9317766166719346,4
172.68.65.58,1.0,5
172.69.62.56,1.0,2
162.158.79.15,1.0,2
172.68.65.88,1.0,1
172.69.62.14,1.0,1
172.68.65.154,1.0,2
172.68.65.28,1.0,1
172.69.62.92,1.0,2
162.158.78.254,1.0,2
172.68.65.196,1.0,1
162.158.79.147,1.0,1
172.68.65.142,1.0,4
172.69.62.80,1.0,2
172.68.65.118,1.0,1
173.245.54.53,1.0,2
162.158.79.201,1.0,1
172.68.65.22,1.0,1
162.158.78.92,1.0,1
162.158.79.165,1.0,1
162.158.79.225,1.0,3
162.158.79.189,1.0,1
162.158.78.206,1.0,4
172.69.63.23,2.215888308335967,2
162.158.78.236,2.159167373200866,3
172.68.65.94,2.215888308335967,2
172.69.62.170,2.215888308335967,2
162.158.78.146,2.215888308335967,2
172.69.63.133,2.215888308335967,2
162.158.78.14,1.0,1
162.158.79.129,2.031776616671934,4
162.158.74.115,1.0,1
108.162.216.92,1.0,1
54.36.149.74,1.0,2
54.36.150.128,1.0,1
172.68.58.99,1.0,1
108.162.229.86,1.0,1
108.162.229.10,1.0,1
172.69.63.99,4.984960618440723,202
172.69.62.74,1.0,1
157.55.39.12,1.0,4
172.69.62.246,1.0,1
108.162.246.27,1.0,8
162.158.106.208,1.0,1
207.46.13.55,1.0,2
162.158.74.139,2.275055681536833,6
162.158.74.43,1.8599999999999999,1
172.68.59.148,3.0476649250079015,8
162.158.74.229,1.0,1
77.247.110.37,2.031776616671934,4
54.36.148.2,1.0,1
54.36.148.76,1.0,1
54.36.149.81,1.0,1
54.36.149.21,1.0,1
141.8.144.25,1.0,6
162.158.70.144,1.8599999999999999,1
172.68.143.124,1.8599999999999999,1
172.69.63.145,1.0,32
54.36.150.147,1.0,2
54.36.150.102,1.0,2
89.64.37.148,1.0,2
85.255.234.209,1.0,38
162.158.64.151,1.8599999999999999,1
108.162.244.22,1.9158883083359672,2
172.69.60.53,1.0,45
162.158.76.14,4.720377497991884,29
141.101.70.35,7.313327672468361,40
141.101.107.94,1.0,6
162.158.155.6,1.0,7
141.101.107.196,1.0,6
162.158.154.161,1.0,9
162.158.158.191,3.124830120661326,15
162.158.158.137,3.4635532333438688,16
162.158.154.143,1.0,6
162.158.158.179,1.56566274746046,5
162.158.154.191,1.0,5
162.158.158.31,1.0,4
141.101.99.33,1.0,3
162.158.154.95,1.0,6
162.158.158.91,1.0,8
162.158.155.228,1.0,4
162.158.155.168,2.8248301206613258,15
141.101.107.238,1.0,8
162.158.158.119,1.0,3
162.158.154.29,1.0,4
162.158.158.147,1.0,4
141.101.98.182,1.0,3
108.162.217.88,1.0,6
162.158.64.236,1.8599999999999999,1
162.158.105.94,2.159167373200866,3
162.158.76.18,1.0,31
207.46.13.60,1.8599999999999999,1
172.68.56.178,1.0,2
172.68.64.7,1.7203774979918844,29
162.158.76.15,4.197439364132395,20
108.162.217.76,1.0,1
54.36.150.176,1.0,1
172.68.57.5,1.0,1
141.101.68.70,1.0,14
162.158.73.226,1.0,3
172.68.64.73,1.8981369876777878,39
141.101.66.88,3.8909439898727998,12
54.36.150.75,1.0,2
157.55.39.60,1.0,2
162.158.76.38,3.6158163147696967,34
108.162.217.232,1.0,1
162.158.72.85,1.0,2
172.68.64.82,1.0,76
162.158.95.46,2.7476649250079017,8
108.162.220.175,6.45934144865839,2358
141.101.75.19,1.0,25
172.69.169.35,1.015888308335967,2
162.158.76.32,1.0,29
141.101.68.118,1.466663387499864,19
162.158.76.157,2.5635532333438684,16
162.158.76.50,4.250111363073666,36
162.158.76.58,1.0,3
141.101.66.130,1.8476649250079014,8
162.158.192.82,2.8999280064337296,17
108.162.223.25,2.4591673732008656,3
162.158.76.64,1.8599999999999999,1
162.158.77.84,1.0,2
54.36.150.17,1.0,1
162.158.76.250,1.0,27
162.158.104.166,1.0,18
162.158.177.112,2.215888308335967,2
162.158.101.80,8.75462547201499,22
162.158.108.100,1.0,8
141.101.68.40,2.16566274746046,5
172.68.64.167,1.5825516958358312,38
54.36.150.78,1.0,2
141.101.64.36,2.518334746401732,9
54.36.148.129,1.0,1
162.158.73.52,1.8599999999999999,1
162.158.72.172,1.0,2
162.158.104.49,1.6750556815368327,6
141.101.85.105,3.338969614476922,13
141.101.83.240,2.1812965295574895,23
54.36.148.241,1.0,2
162.158.133.125,2.46566274746046,5
108.162.244.14,1.0,12
172.69.52.40,1.0,12
216.218.206.68,1.0,1
172.68.56.244,1.8599999999999999,1
54.36.148.15,1.0,1
162.158.153.246,1.0,2
162.158.152.136,45.34447008971842,1181
162.158.104.121,1.0,4
108.162.236.27,1.0,14
162.158.187.111,1.0,3
108.162.238.231,1.0,11
108.162.238.165,1.0,5
162.158.186.22,1.0,5
108.162.238.177,1.0,12
162.158.79.177,1.0,1
162.158.77.96,1.4317766166719343,4
162.158.79.39,1.015888308335967,2
54.36.148.203,1.0,1
172.68.56.118,1.0,1
54.36.148.182,1.0,1
54.36.150.184,1.0,1
54.36.149.65,1.0,3
108.162.217.40,1.0,1
162.158.104.208,1.56566274746046,5
108.162.244.17,2.76566274746046,5
108.162.244.248,1.0,5
162.158.83.168,1.0,4
162.158.90.184,1.0,2
162.158.91.75,1.0,1
162.158.88.150,1.0,2
162.158.92.200,1.0,2
162.158.89.137,1.0,1
162.158.90.190,1.0,1
162.158.94.78,1.0,2
162.158.89.29,1.0,1
162.158.91.73,1.0,1
162.158.90.58,1.0,4
162.158.91.87,1.0,2
162.158.89.143,1.0,1
162.158.89.131,1.0,1
162.158.88.126,1.0,1
162.158.91.201,1.015888308335967,2
162.158.92.32,1.0,1
162.158.88.6,1.5591673732008657,3
162.158.93.121,1.0,2
162.158.177.154,1.9158883083359672,2
162.158.177.22,1.0,3
162.158.73.16,1.0,1
108.162.244.9,2.759167373200866,3
108.162.244.6,1.0,8
108.162.213.178,1.0,3
162.158.123.107,1.0,1
162.158.123.17,1.0,1
108.162.210.222,1.0,1
108.162.210.224,1.0,1
162.158.123.143,1.0,1
108.162.210.144,1.0,1
108.162.212.159,1.0,1
108.162.212.249,1.0,1
162.158.122.244,1.0,1
108.162.210.182,1.0,1
108.162.210.232,1.0,1
54.36.148.210,1.0,2
162.158.104.190,1.0,8
54.36.150.179,1.0,2
172.68.64.118,6.066524318503987,61
141.101.75.184,1.0,7
141.101.75.148,1.0,4
162.158.105.156,2.4591673732008656,3
181.215.50.104,1.0,1
141.101.107.220,1.015888308335967,2
141.101.107.130,1.0,1
162.158.155.72,1.0,6
54.36.148.131,1.0,2
54.36.148.16,2.759167373200866,3
162.158.105.10,1.0,1
108.162.244.191,1.0,21
54.36.150.177,1.0,1
162.158.154.125,1.0,1
141.101.107.34,1.0,4
108.162.238.15,1.0,1
162.158.107.83,1.0,1
108.162.228.88,1.5476649250079015,8
172.69.52.34,1.0,2
141.101.75.211,2.76566274746046,5
40.77.167.161,1.0,2
141.101.68.34,1.0,8
162.158.213.81,1.0,34
162.158.214.70,1.0,2
54.36.149.39,1.0,1
54.36.148.165,1.0,1
108.162.244.236,1.0,3
162.158.104.34,1.0,3
172.68.59.248,2.46566274746046,5
172.68.59.22,2.76566274746046,5
162.158.75.50,1.0,2
172.68.58.243,2.76566274746046,5
172.69.10.158,2.9675460894331875,7
172.69.9.46,1.0,4
122.173.198.157,1.0,13
54.36.150.112,1.0,2
141.101.68.202,2.3974393641323943,20
162.158.104.40,2.215888308335967,2
162.158.106.88,1.0,2
162.158.77.76,1.624830120661326,15
54.36.150.159,1.0,1
54.36.149.76,1.0,3
54.36.150.114,1.0,1
162.158.17.17,2.4591673732008656,3
162.158.18.248,1.0,2
162.158.18.200,1.0,1
162.158.18.116,1.0,1
162.158.18.104,1.0,1
162.158.18.32,1.0,1
162.158.18.44,1.0,1
162.158.18.182,1.0,1
162.158.18.74,1.0,1
162.158.18.194,1.0,1
162.158.19.21,1.0,1
172.68.64.188,1.0,2
172.68.12.157,1.0,4
172.68.142.135,3.424830120661326,15
162.158.254.233,1.0,4
141.101.66.76,1.0,3
108.162.246.81,2.575055681536833,6
139.162.116.133,1.0,3
162.158.76.52,1.0,5
162.158.76.47,4.1821751481312734,53
172.68.11.165,3.5342230547376987,18
172.68.13.194,1.0,1
54.36.148.136,1.0,1
162.158.105.64,1.0,50
162.158.107.17,1.0,8
162.158.106.178,1.0,2
162.158.106.142,1.0,2
108.162.246.105,1.0,3
162.158.107.5,2.9675460894331875,7
162.158.106.16,1.0,2
162.158.106.52,1.0,5
108.162.245.158,3.0476649250079015,8
108.162.245.176,3.1183347464017315,9
108.162.246.243,1.0,1
162.158.76.188,1.0,1
162.158.77.207,1.0,3
54.36.150.136,1.0,1
172.68.9.12,1.0,1
172.69.60.41,1.8599999999999999,1
162.158.76.7,1.0,3
172.69.69.218,1.0,1
172.69.66.144,1.0,1
162.158.72.136,2.46566274746046,5
172.69.65.10,1.0,1
141.101.66.214,2.8635532333438687,16
172.68.64.254,3.6812965295574895,23
108.162.220.33,1.0,1
165.22.151.250,1.0,1
165.22.151.248,1.0,2
108.162.229.50,3.1815510557964273,10
141.101.68.22,1.0,13
162.158.76.86,1.583434397769155,14
162.158.145.17,1.0,3
162.158.146.20,2.275055681536833,6
162.158.146.116,1.0,1
162.158.146.44,1.0,3
162.158.146.86,1.0,3
162.158.146.194,1.0,1
162.158.146.128,1.0,3
162.158.146.98,1.0,5
162.158.146.122,1.0,3
162.158.146.140,1.0,1
162.158.146.104,1.0,3
162.158.146.134,1.0,1
172.68.250.72,1.0,1
188.114.106.70,1.0,3
162.158.110.17,1.0,7
172.68.13.158,1.0,1
54.36.148.64,1.0,1
108.162.229.64,1.0,1
157.55.39.27,1.0,2
40.77.167.8,1.0,1
162.158.110.38,1.5476649250079015,8
172.68.13.254,1.0,1
162.158.109.29,1.8476649250079014,8
162.158.76.30,1.9068322982087673,24
169.197.108.42,1.4317766166719343,4
54.36.150.190,1.0,1
141.101.106.220,1.0,1
141.101.106.97,3.7999280064337295,17
108.162.213.67,1.0,1
162.158.77.78,1.0,1
162.158.184.76,1.0,1
162.158.187.99,1.0,3
162.158.186.58,1.0,2
108.162.237.62,1.0,2
162.158.187.41,1.0,2
162.158.187.101,1.0,1
108.162.238.75,1.0,1
162.158.187.65,1.0,2
108.162.238.129,1.0,1
172.68.64.236,1.0,3
162.158.104.4,1.0,17
54.36.148.166,1.0,2
66.249.64.117,1.0,1
66.249.64.121,1.0,2
172.68.64.85,1.0,1
172.68.15.142,1.0,1
108.162.248.204,1.0,4
108.162.249.164,1.0,1
108.162.250.67,1.0,1
108.162.250.83,1.0,1
108.162.249.74,1.0,1
108.162.249.50,1.0,1
108.162.249.170,1.0,1
108.162.249.158,1.0,1
108.162.249.140,1.0,1
108.162.249.134,1.0,1
108.162.250.57,1.0,1
108.162.249.218,1.0,1
108.162.229.22,1.015888308335967,2
108.162.229.112,1.015888308335967,2
172.68.12.139,1.0,2
54.36.148.49,1.0,2
162.158.76.68,1.0,1
162.158.153.76,1.0,13
172.68.13.212,1.0,1
162.158.76.184,1.0,1
74.82.47.5,1.0,1
165.227.216.184,1.0,1
172.69.63.61,1.0,1
162.158.104.52,1.0,28
172.68.13.26,1.0,1
66.249.64.119,1.0,1
54.36.150.101,1.0,2
54.36.150.106,1.0,2
54.36.148.164,1.0,2
40.77.167.113,1.0,1
162.158.73.190,1.0,1
172.68.191.153,1.8599999999999999,1
172.68.134.6,1.0,1
172.68.135.43,1.0,1
54.36.149.47,1.0,1
172.68.229.17,1.0,1
54.36.150.94,1.0,2
172.68.134.216,1.0,2
141.101.106.196,10.460233202132542,229
162.158.158.141,9.106832298208767,24
162.158.154.59,3.0476649250079015,8
162.158.141.89,1.0,105
141.101.99.81,1.0,3
141.101.99.207,1.0,4
162.158.154.209,1.0,9
141.101.98.128,1.0,3
162.158.158.153,1.0,7
162.158.158.43,1.0,1
172.68.249.94,1.0,1
162.158.158.187,1.0,1
162.158.154.197,1.0,4
141.101.98.68,1.0,4
162.158.158.13,1.0,10
162.158.158.67,1.0,4
141.101.107.190,1.0,6
141.101.107.100,1.0,5
141.101.98.242,1.0,4
162.158.155.30,1.0,5
162.158.154.107,1.0,4
162.158.155.60,1.0,4
141.101.99.159,1.0,8
162.158.154.179,1.0,5
162.158.155.198,1.0,5
162.158.158.93,1.0,5
162.158.158.197,1.0,5
141.101.107.70,1.0,4
162.158.154.89,1.0,3
162.158.158.19,1.0,6
162.158.154.41,1.0,3
141.101.98.62,1.0,2
141.101.99.21,1.0,3
162.158.154.47,1.0,3
162.158.158.209,1.0,3
162.158.158.37,1.0,2
162.158.154.119,1.0,1
162.158.155.192,1.0,1
162.158.154.53,1.0,3
162.158.154.167,1.0,1
162.158.154.113,1.0,1
162.158.155.12,1.0,2
162.158.155.222,1.0,2
162.158.158.199,1.0,1
141.101.98.44,1.0,2
162.158.154.65,1.0,1
162.158.155.84,1.0,1
141.101.98.92,1.0,1
172.68.249.22,3.238737163679022,11
162.158.214.172,2.031776616671934,4
162.158.214.142,1.0,4
162.158.214.106,1.0,3
149.56.46.136,1.0,1
162.158.76.39,2.7389696144769218,13
54.36.149.24,1.0,1
162.158.156.70,5.939885802198151,90
54.36.148.110,1.0,2
162.158.77.90,1.0,2
172.68.15.208,1.0,4
162.158.77.15,1.0,6
108.162.244.18,2.215888308335967,2
54.36.148.40,1.0,1
54.36.150.142,1.0,2
141.101.76.92,1.0,1
54.36.150.121,1.0,1
54.36.150.167,1.0,2
157.55.39.240,1.0,5
172.69.132.224,1.0,1
162.158.110.240,1.3815510557964275,10
162.158.104.124,1.0,21
172.68.13.92,1.0,1
209.17.96.34,1.0,2
54.36.148.228,1.0,1
162.158.104.202,1.0,3
54.36.148.74,1.0,1
108.162.244.170,1.0,2
54.36.148.75,1.0,1
66.220.149.3,1.0,1
172.68.13.38,1.0,1
54.36.150.150,1.0,1
162.158.104.22,1.0,2
162.158.105.180,1.0,1
108.162.246.141,1.0,1
108.162.246.135,1.0,1
54.36.149.105,1.0,3
162.158.104.94,1.0,3
54.36.150.1,1.0,1
108.162.244.192,3.234223054737699,18
172.69.9.21,1.9158883083359672,2
162.158.110.123,2.518334746401732,9
157.55.39.158,1.0,5
172.68.13.128,1.0,1
54.36.148.79,1.0,2
54.36.149.63,1.0,1
162.158.73.64,1.0,1
108.162.217.12,1.0,1
108.162.217.187,1.0,1
108.162.217.254,1.0,1
162.158.73.10,1.0,1
162.158.72.13,1.0,1
172.68.56.112,1.015888308335967,2
162.158.73.106,1.0,1
172.68.56.214,1.0,1
162.158.72.121,1.0,1
157.55.39.248,1.0,1
198.108.66.64,1.0,1
162.158.74.67,1.0,1
162.158.75.98,1.0,1
162.158.82.76,1.0,2
162.158.93.229,1.0,1
162.158.93.187,1.0,1
162.158.72.112,1.0,1
162.158.73.238,1.0,1
162.158.72.166,1.0,1
162.158.73.220,1.0,1
108.162.217.70,1.0,1
108.162.217.27,1.0,1
108.162.217.39,1.0,1
157.55.39.234,1.0,3
172.69.9.66,1.8599999999999999,1
54.36.148.101,1.0,4
54.36.150.88,1.0,1
172.68.12.103,1.0,2
184.105.247.252,1.0,1
71.6.232.7,1.0,2
54.36.148.221,1.0,1
162.158.104.226,1.0,2
172.68.9.42,1.0,1
54.36.148.184,1.0,2
54.36.148.255,1.0,1
162.158.105.76,1.0,1
172.68.6.72,1.0,1
172.68.5.91,1.0,2
172.68.6.86,1.0,3
172.68.6.68,1.0,1
172.68.6.26,1.0,1
172.68.6.94,1.0,1
172.68.6.6,1.0,1
172.68.6.34,1.0,1
172.68.6.62,1.0,1
172.68.6.110,1.0,1
172.68.6.104,1.0,1
172.68.14.213,1.0,1
195.142.115.111,1.0,1
172.68.13.14,1.8599999999999999,1
172.68.13.110,1.0,1
141.101.64.68,1.0,7
54.36.148.247,1.0,1
54.36.148.146,1.0,1
54.36.150.134,1.0,1
181.215.81.148,1.0,1
172.69.132.140,1.0,3
172.68.144.215,1.0,1
172.69.134.247,1.0,4
162.158.165.172,2.6317766166719343,4
172.68.144.245,2.6317766166719343,4
162.158.167.50,1.0,4
162.158.167.220,1.0,1
172.69.135.146,1.0,1
108.162.236.132,1.0,1
162.158.177.230,1.0,1
172.68.249.238,1.0,1
108.162.223.52,1.0,1
54.36.150.123,1.0,1
172.68.14.201,1.0,1
162.158.213.59,1.563102111592855,100
172.68.225.17,1.015888308335967,2
172.68.64.239,1.0,1
54.36.150.8,1.0,3
54.36.148.85,1.0,1
172.68.174.50,3.799322706105122,28
40.77.167.153,1.0,1
172.68.173.89,1.0,4
162.158.162.150,1.0,1
13.76.182.152,1.0,1
54.36.150.151,1.0,1
172.69.60.131,1.0,2
108.162.244.194,1.0,1
207.46.13.228,1.0,3
54.36.149.2,1.0,2
54.36.150.186,1.0,1
54.36.150.116,1.0,1
162.158.161.26,2.9675460894331875,7
172.69.135.170,1.0,2
162.158.165.62,2.215888308335967,2
162.158.104.64,1.0,1
162.158.105.112,1.0,1
141.101.104.93,1.0,1
172.68.64.164,1.0,2
54.36.149.52,1.0,1
157.55.39.53,1.0,2
108.162.217.64,1.0,1
108.162.217.14,1.0,1
172.68.56.94,1.0,1
162.158.72.202,1.0,1
162.158.73.70,1.0,1
108.162.217.38,1.0,1
172.68.56.148,1.0,1
162.158.155.156,1.0,3
162.158.155.108,1.0,2
162.158.158.49,1.0,1
172.68.9.48,1.0,1
162.158.86.211,3.8603923226910877,31
222.93.7.246,1.0,1
172.69.9.96,1.0,1
172.68.140.253,1.0,7
172.68.140.80,1.0,3
108.162.244.164,1.0,1
141.101.98.32,1.0,3
162.158.158.171,1.0,1
108.162.238.123,1.0,1
157.55.39.56,1.0,4
54.36.150.62,1.0,1
54.36.148.152,1.0,1
162.158.72.208,1.0,1
108.162.244.8,1.0,17
172.69.9.116,1.0,2
162.158.178.67,1.0,1
162.158.145.125,1.0,6
172.69.9.36,1.0,2
172.69.9.86,1.0,1
172.68.15.52,1.0,1
108.162.244.81,2.4591673732008656,3
54.36.149.79,1.0,1
54.36.148.232,1.0,2
54.36.148.112,1.0,1
172.69.60.149,1.0,1
108.162.238.141,3.338969614476922,13
162.158.185.10,1.0,2
162.158.77.87,1.0,1
54.36.149.23,1.0,1
38.145.115.62,1.0,1
54.36.148.189,1.0,1
54.36.149.4,1.0,4
157.55.39.16,1.0,2
40.77.167.11,1.0,2
108.162.244.218,1.0,4
184.105.247.196,1.0,3
172.68.37.101,1.0,1
172.68.38.86,1.0,1
172.68.38.44,1.0,1
172.68.38.110,1.0,3
172.68.38.92,1.0,2
172.68.38.98,1.0,1
172.68.38.116,1.0,1
172.68.38.62,1.0,2
172.68.38.74,1.0,1
172.68.38.68,1.0,1
54.36.150.93,1.0,1
172.68.64.176,1.8599999999999999,1
162.158.77.234,1.8599999999999999,1
162.158.76.206,1.0,2
172.68.209.248,1.0,1
162.243.145.108,1.0,1
172.68.64.203,1.0,1
141.101.64.111,3.1775021196025977,27
172.69.9.61,1.0,2
128.14.133.58,1.0,1
172.68.11.33,1.0,1
81.91.136.82,1.0,1
172.69.246.141,1.0,1
54.36.148.47,1.0,1
54.36.150.16,1.0,1
162.158.104.28,1.0,1
108.162.246.225,1.0,4
162.158.107.29,1.0,3
108.162.244.153,1.0,2
54.36.149.103,1.0,3
108.162.245.170,1.0,2
172.68.145.235,1.0,1
162.158.105.100,4.318334746401732,9
54.36.148.48,1.0,1
54.36.150.157,1.0,1
207.46.13.205,1.0,1
176.58.124.134,1.0,1
54.36.148.42,1.0,1
51.15.191.81,1.0,2
162.158.104.172,1.0,1
162.158.104.157,1.8599999999999999,1
181.214.184.102,1.0,1
162.158.184.225,3.1183347464017315,9
40.77.167.177,1.0,1
162.158.34.214,1.0,2
172.68.13.44,1.0,2
172.68.181.125,2.3317766166719345,4
162.158.183.127,1.0,1
162.158.183.141,1.0,1
172.68.182.230,1.0,1
162.158.183.109,1.0,1
162.158.183.139,1.0,1
172.68.182.68,1.0,1
162.158.182.254,1.0,1
162.158.183.39,1.0,1
172.68.182.14,1.0,1
172.68.182.98,1.0,1
172.68.182.8,1.0,1
178.73.215.171,1.0,1
108.162.229.72,1.9158883083359672,2
162.158.77.126,1.0,1
54.36.150.85,1.0,1
162.158.105.138,1.0,3
162.158.233.5,1.0,2
162.158.234.80,1.0,1
162.158.234.138,1.0,1
162.158.234.122,1.0,1
162.158.234.56,1.0,3
162.158.234.140,1.0,1
162.158.234.74,1.0,1
162.158.234.14,1.0,1
162.158.234.86,1.0,1
162.158.234.116,1.0,1
162.158.234.44,1.0,1
108.162.244.242,1.0,2
172.68.49.105,1.015888308335967,2
172.68.64.230,3.96566274746046,5
172.68.64.154,1.8599999999999999,1
108.162.213.226,1.0,2
169.197.108.6,1.0,6
162.158.77.177,1.0,4
172.68.59.40,2.875055681536833,6
77.88.47.92,1.0,2
162.158.76.67,1.015888308335967,2
162.158.105.162,2.215888308335967,2
162.158.162.186,1.0,2
162.158.167.104,1.0,1
172.69.10.62,1.0,1
162.158.77.52,1.0,3
172.68.10.44,1.0,1
108.162.236.126,1.0,1
108.162.213.208,1.0,1
162.158.106.46,1.0,4
172.68.191.45,1.9158883083359672,2
172.69.68.133,2.215888308335967,2
162.158.34.200,1.0,3
162.158.33.126,1.0,46
162.158.34.74,1.0,4
162.158.34.164,1.0,3
162.158.34.116,1.0,5
162.158.34.176,1.0,3
162.158.34.8,1.0,1
162.158.34.50,1.0,2
162.158.34.68,2.575055681536833,6
162.158.184.22,1.0,4
108.162.246.99,1.0,1
162.158.213.77,1.0,43
162.158.214.22,1.0,4
162.158.72.64,1.0,1
108.162.214.26,1.0,2
172.68.173.29,1.0,1
172.68.59.218,1.0,2
181.215.50.101,1.0,1
54.36.150.33,1.0,1
66.249.69.181,1.0,5
66.249.69.183,1.0,4
162.158.109.188,1.3750556815368329,6
162.158.74.163,1.015888308335967,2
66.249.69.185,1.0,3
209.17.97.58,1.0,3
162.158.104.76,1.0,6
162.158.152.58,10.806381176457753,150
162.158.158.215,1.0,2
162.158.154.173,1.0,4
162.158.155.132,1.0,2
162.158.155.48,1.0,2
162.158.158.161,1.0,2
162.158.158.207,1.0,4
162.158.158.103,1.0,3
162.158.104.14,1.015888308335967,2
162.158.185.4,1.0,3
54.36.148.253,1.0,1
172.68.181.29,2.875055681536833,6
162.158.92.84,1.0,2
162.158.82.62,1.9158883083359672,2
162.158.185.136,1.0,7
141.101.76.20,1.0,1
172.104.142.105,1.0,1
162.158.104.13,1.0,1
108.162.220.5,1.0,2
40.77.167.136,1.0,1
162.158.154.227,1.0,3
141.101.107.118,1.0,1
162.158.154.245,1.0,1
141.101.99.93,1.0,1
162.158.158.157,4.381551055796427,10
172.68.64.25,1.0,1
162.158.104.250,1.3635532333438687,16
162.158.184.82,1.0,7
162.158.76.226,1.0,1
162.158.158.195,1.0,2
141.101.107.214,1.0,3
162.158.154.233,1.0,1
162.158.158.105,1.0,1
172.68.56.220,2.315887442617003,129
162.158.74.181,2.4591673732008656,3
172.68.59.222,1.0,3
162.158.75.116,2.4591673732008656,3
162.158.75.110,1.0,1
162.158.75.146,1.0,2
108.162.238.249,1.0,1
108.162.244.246,1.0,3
172.68.58.51,1.0,1
172.68.59.190,1.0,1
162.158.184.46,2.4591673732008656,3
141.101.107.52,1.0,2
162.158.154.215,1.0,1
141.101.98.200,1.0,1
162.158.250.133,2.4591673732008656,3
162.158.251.100,1.0,1
162.158.251.12,1.0,1
162.158.251.80,1.0,1
162.158.251.44,1.0,2
162.158.251.92,1.0,1
162.158.251.66,1.0,1
162.158.251.42,1.0,2
162.158.251.4,1.0,1
162.158.251.22,1.0,1
162.158.75.206,1.0,1
162.158.74.121,1.0,2
172.68.59.246,1.0,1
162.158.74.193,1.0,1
162.158.75.248,1.0,1
172.68.58.165,1.0,1
162.158.74.19,1.0,1
108.162.216.146,1.0,1
162.158.75.230,1.0,1
162.158.74.145,1.0,2
172.68.58.39,1.0,2
172.68.59.236,1.0,2
162.158.75.254,1.0,1
172.68.58.57,1.0,1
108.162.216.8,1.0,1
162.158.74.127,1.0,1
162.158.75.194,1.0,1
172.68.59.112,1.0,1
172.68.58.105,1.0,1
172.68.58.9,1.0,1
172.68.59.34,1.0,1
172.68.59.202,1.0,1
162.158.74.247,1.0,1
108.162.216.26,1.0,1
162.158.75.38,1.0,1
162.158.75.158,1.0,1
108.162.236.168,2.215888308335967,2
54.36.150.58,1.0,1
162.158.185.196,1.0,3
108.162.229.222,1.0,6
108.162.229.202,1.0,3
141.101.69.7,1.0,4
141.101.69.41,1.0,3
141.101.69.17,2.46566274746046,5
108.162.229.178,2.76566274746046,5
108.162.229.122,2.76566274746046,5
141.101.69.21,2.76566274746046,5
108.162.229.120,2.46566274746046,5
162.158.184.10,2.6317766166719343,4
108.162.244.117,2.275055681536833,6
162.158.253.77,1.0,1
172.68.15.178,1.0,1
162.158.184.201,1.0,1
141.101.98.104,1.0,1
162.158.186.244,1.0,1
162.158.187.89,1.0,1
162.158.184.34,1.0,3
141.101.99.225,1.0,1
162.158.158.183,1.0,1
141.101.98.116,1.0,1
141.101.107.106,1.0,2
162.158.154.83,1.0,1
162.158.155.54,1.0,1
141.101.107.28,1.0,1
162.158.158.173,1.0,4
162.158.105.46,1.0,1
157.55.39.63,1.0,2
157.55.39.123,1.0,1
86.188.81.58,1.0,1
162.158.158.169,1.0,1
141.101.99.195,1.0,1
141.101.99.177,1.015888308335967,2
162.158.158.167,1.0,1
172.68.14.9,1.0,2
157.55.39.251,1.0,1
162.158.158.73,1.0,2
172.68.12.187,1.0,1
108.162.236.7,1.0,3
172.69.236.17,1.0,2
142.44.245.88,1.0,1
172.69.236.65,1.0,2
162.158.184.159,1.0,5
108.162.236.222,1.0,2
162.158.77.12,1.0,1
162.158.184.249,1.0,2
172.69.62.242,1.0,1
162.158.185.100,1.0,2
162.158.184.171,1.0,2
162.158.185.142,1.0,2
172.68.12.133,1.0,1
162.158.185.28,1.0,1
162.158.184.213,1.0,2
141.101.104.249,1.0,2
216.218.206.67,1.0,1
108.162.244.25,1.0,1
157.55.39.28,1.0,1
157.55.39.177,1.0,2
162.158.37.192,1.0,1
162.158.185.238,1.0,1
108.162.236.32,1.0,2
40.77.167.47,1.0,1
108.162.236.16,1.0,2
162.158.185.190,1.0,1
108.162.236.204,1.0,1
108.162.244.158,1.0,2
162.158.184.94,1.0,1
40.77.167.198,1.0,1
162.158.213.29,1.0,22
162.158.214.166,1.0,2
172.68.12.145,1.0,1
162.158.104.154,1.0,2
54.36.149.58,1.0,2
172.69.63.143,1.0,3
172.69.63.131,1.0,2
159.203.96.191,1.0,1
172.68.12.97,1.0,1
54.36.148.94,1.0,1
157.55.39.247,1.0,1
141.101.98.164,1.0,2
209.17.96.210,1.0,1
172.68.222.92,1.0,1
162.158.82.124,1.0,2
162.158.37.17,1.0,2
172.68.221.17,1.0,1
181.214.187.98,1.0,1
172.69.236.47,1.0,1
162.158.184.40,1.0,1
162.158.33.12,1.0,1
207.46.13.130,1.0,1
172.68.149.5,1.0,2
162.158.105.58,1.9158883083359672,2
162.158.76.28,1.0,3
172.69.62.248,1.0,2
162.158.77.4,1.0,4
172.69.169.89,3.395329850015803,64
172.69.170.98,1.0,2
172.69.170.56,1.0,1
172.69.170.68,1.0,1
172.69.170.44,1.0,2
172.69.170.38,1.0,1
172.69.170.110,1.0,2
172.69.170.26,1.0,1
172.69.170.74,1.0,3
172.69.170.62,1.0,1
172.69.170.116,1.0,1
172.69.170.50,1.0,1
172.69.170.104,1.0,1
86.156.165.183,1.0,116
162.158.185.88,1.0,1
54.36.149.27,1.0,2
108.162.236.156,1.0,1
162.158.33.98,1.0,14
162.158.34.212,1.0,1
162.158.34.216,1.0,1
162.158.34.56,1.0,2
162.158.34.140,1.0,4
162.158.34.202,1.0,2
162.158.34.182,1.0,3
162.158.34.44,3.0476649250079015,8
162.158.34.146,2.159167373200866,3
162.158.34.134,2.3317766166719345,4
40.77.167.219,1.0,1
162.158.34.158,1.0,2
162.158.34.104,1.0,2
162.158.34.188,1.0,1
162.158.34.98,1.0,2
162.158.34.194,1.0,1
162.158.34.32,1.0,2
162.158.34.152,1.0,2
162.158.34.92,1.0,1
162.158.34.204,1.0,1
141.101.98.170,1.0,1
162.158.158.79,1.0,1
162.158.158.165,1.0,1
162.158.158.113,1.0,1
141.101.107.208,1.0,1
141.101.99.171,1.0,1
162.158.154.221,1.0,1
162.158.154.131,1.0,1
162.158.155.252,1.0,2
162.158.158.139,1.0,1
162.158.158.111,1.0,2
162.158.158.85,1.0,1
162.158.158.125,1.0,1
141.101.99.165,1.0,1
141.101.99.69,1.0,1
162.158.154.77,1.0,2
141.101.98.140,1.0,1
141.101.99.57,1.0,1
162.158.76.23,1.0,1
172.68.12.163,1.0,1
172.69.63.87,1.0,1
172.68.10.56,1.0,1
162.158.77.253,1.0,3
172.68.9.54,1.0,1
184.105.139.67,1.0,1
108.162.244.176,1.0,1
108.162.236.30,1.0,2
66.249.79.246,1.0,3
162.158.104.142,1.0,2
172.69.10.32,1.0,1
162.158.37.186,1.9158883083359672,2
192.241.223.140,1.0,1
108.162.246.123,1.0,3
108.162.229.208,1.0,1
162.158.77.42,1.0,2
108.162.244.64,1.8599999999999999,1
172.68.64.215,1.0,1
162.158.107.131,1.0,1
108.162.220.20,1.0,1
172.69.70.87,1.0,2
172.69.69.92,1.0,2
172.69.69.98,1.0,2
172.69.70.213,1.0,1
108.162.221.109,1.0,2
162.158.104.118,1.0,1
108.162.244.206,1.0,2
162.158.76.172,1.0,1
108.162.246.165,1.0,1
162.158.237.197,1.0,2
162.158.238.176,1.0,2
162.158.238.80,1.0,1
162.158.238.74,1.0,1
162.158.238.116,1.0,1
162.158.238.62,1.0,1
162.158.238.56,1.0,1
162.158.238.182,1.0,1
66.220.149.33,1.0,1
108.162.246.129,1.0,1
54.36.148.194,1.0,2
162.158.76.21,1.0,1
162.158.185.76,4.806381176457753,150
172.68.64.55,1.0,1
54.36.150.138,1.0,1
162.158.76.244,1.0,1
162.158.214.124,1.0,1
162.158.105.168,1.0,1
162.158.77.216,1.0,1
54.36.150.139,1.9158883083359672,2
108.162.244.154,1.0635532333438689,16
181.215.75.45,1.0,1
172.68.64.16,1.0,1
108.162.244.200,1.0,1
173.252.95.3,1.0,1
108.162.244.12,1.0,1
94.102.56.151,1.0,1
172.68.14.195,1.0,1
172.68.10.80,1.0,1
172.68.64.194,1.0,1
172.68.210.189,1.0,6
54.36.149.22,1.0,2
162.158.76.178,1.0,1
213.32.122.82,1.0,1
162.158.106.148,1.0,2
108.162.246.195,1.0,1
54.36.148.134,1.0,1
54.36.148.169,1.0,2
54.36.148.128,1.0,1
185.231.103.51,1.0,1
172.69.169.29,4.881479062230158,170
54.36.150.73,1.0,2
162.158.105.174,1.0,2
172.69.60.23,1.0,1
162.158.77.62,1.0,1
162.158.76.22,1.0,1
172.68.64.97,1.0,1
162.158.76.10,1.0,1
172.69.60.83,1.0,1
162.158.105.82,1.0,1
162.158.104.106,1.8599999999999999,1
162.158.105.70,1.0,2
162.158.104.232,1.0,1
207.46.13.76,1.0,1
108.162.244.174,1.0,1
138.197.64.36,1.0,1
216.218.206.66,1.0,1
108.162.244.30,1.0,2
162.158.117.16,1.0,3
162.158.119.25,1.0,1
162.158.119.23,1.0,1
162.158.118.38,1.0,1
162.158.118.74,1.0,1
162.158.118.236,1.0,1
162.158.118.16,1.0,1
162.158.118.132,1.0,1
162.158.118.94,1.0,1
162.158.119.13,1.0,1
162.158.118.138,1.0,1
162.158.118.222,1.0,1
162.158.118.76,1.0,1
172.69.62.152,1.0,1
172.69.63.29,1.0,1
172.68.65.136,1.0,1
162.158.78.110,1.0,1
157.55.39.49,1.0,1
54.36.148.8,1.0,1
172.69.9.91,1.8599999999999999,1
54.36.150.144,1.0,1
54.36.148.237,1.0,2
162.158.33.146,1.0,1
172.69.54.211,1.0,1
162.158.72.238,1.0,1
162.158.158.61,1.0,1
108.162.244.182,1.0,1
162.158.152.46,1.0,1
162.158.76.6,1.0,2
107.170.200.61,1.0,1
54.36.150.125,1.0,1
181.214.186.40,1.0,1
157.55.39.209,1.0,1
54.36.150.68,1.0,1
54.188.227.210,1.0,1
54.36.148.156,1.0,1
54.36.150.164,1.0,1
172.68.64.179,1.0,1
162.158.77.238,1.0,1
172.68.69.10,1.0,1
172.68.57.17,1.0,2
108.162.244.28,1.0,1
162.158.77.136,1.8599999999999999,1
141.101.99.183,1.0,1
162.158.155.24,1.0,1
172.68.64.43,1.0,2
40.77.167.29,1.0,3
162.158.252.220,1.0,2
162.158.252.10,1.166663387499864,19
162.158.255.26,1.0,1
172.68.141.164,1.0,1
162.158.255.164,1.0,1
172.68.143.94,1.0,1
172.68.142.195,1.0,1
172.68.142.117,1.0,1
172.68.56.106,1.0,1
108.162.228.26,1.0,1
162.158.158.159,1.0,1
162.158.158.213,1.0,1
157.55.39.52,1.0,2
162.158.158.97,1.0,1
162.158.152.118,2.031776616671934,4
162.158.104.70,1.0,1
111.175.32.184,1.0,1
172.68.45.220,1.0,1
184.105.139.68,1.0,1
198.108.66.32,1.0,1
169.197.108.38,1.0,1
165.22.144.76,1.0,1
172.69.60.125,1.0,1
108.162.244.100,1.0,1
172.68.9.240,1.0,1
162.158.76.45,1.0,1
108.162.246.111,1.0,3
108.162.246.117,1.0,2
162.158.106.130,1.0,1
162.158.107.171,1.0,1
162.158.107.147,1.0,1
162.158.106.226,1.0,1
108.162.246.93,1.0,1
108.162.246.57,1.0,1
162.158.107.165,1.0,1
162.158.106.58,1.0,1
108.162.246.231,1.0,2
108.162.246.183,1.0,2
162.158.106.220,1.0,1
108.162.245.8,1.0,2
162.158.106.124,1.0,2
108.162.246.63,1.0,1
162.158.107.159,1.0,1
162.158.106.196,1.0,2
162.158.106.118,1.0,2
108.162.246.201,1.0,1
108.162.246.207,1.0,1
108.162.245.164,1.0,1
162.158.106.154,1.0,1
162.158.106.22,1.0,1
162.158.107.65,1.0,1
108.162.245.224,1.0,1
162.158.107.167,1.0,1
198.143.155.138,1.0,1
162.158.77.160,1.0,1
207.46.13.176,1.0,1
172.69.9.146,1.0,1
108.162.244.26,1.0,1
172.69.66.60,1.0,1
108.162.244.188,1.0,1
172.68.9.168,1.0,1
108.162.245.104,1.0,2
37.187.53.44,1.0,1
162.158.254.227,1.0,1
108.162.220.37,1.0,2
54.36.148.99,1.0,2
181.215.76.157,1.0,1
108.162.217.190,1.0,1
54.36.148.215,1.0,1
172.69.69.14,1.0,1
172.69.70.159,1.0,1
172.69.68.139,1.0,1
172.69.70.123,1.0,1
172.69.69.38,1.0,1
207.46.13.96,1.0,1
207.46.13.98,1.0,1
54.36.150.63,1.0,1
172.69.9.56,1.0,1
108.162.244.27,1.0,1
3.84.238.82,1.0,13
162.158.104.214,1.0,1
172.68.56.160,1.0,1
162.158.72.100,1.0,1
162.158.104.178,1.0,1
162.158.104.184,1.0,1
162.158.104.58,1.0,1
162.158.120.53,1.0,1
172.68.14.75,1.0,1
108.162.217.163,1.0,1
162.158.76.154,1.0,1
162.158.77.162,1.0,1
108.162.244.15,1.0,1
54.36.150.135,1.0,1
162.158.185.46,1.0,1
172.68.9.36,1.0,1
66.249.79.244,1.0,3
141.101.64.19,1.0,1
141.101.64.5,1.0,1
108.162.228.34,1.0,1
172.69.65.239,3.8603923226910877,31
209.124.66.6,100.0,9134
52.70.146.155,1.0,2
2600:1700:5030:15d0:f191:5763:41ae:b04a,1.0,7
66.249.79.157,1.0,30
157.55.39.1,2.16566274746046,5
40.77.167.96,1.0,4
184.154.139.4,2.26286467387801,321
93.160.60.32,1.0,4
2a03:2880:20ff:9::face:b00c,1.0,2
2a03:2880:21ff:15::face:b00c,1.0,2
52.14.110.118,1.0,5
66.249.79.135,1.0,31
52.12.136.137,1.0,2
207.46.13.92,1.0,2
94.245.104.71,1.0,4
157.55.39.4,1.26566274746046,5
51.15.72.153,1.0,3
185.36.191.195,1.6158883083359672,2
159.203.173.101,1.0,2
209.17.96.58,1.0,1
13.66.139.1,1.5591673732008657,3
13.66.139.0,1.0,3
2a02:c7f:b01a:f000:1d7f:9274:4274:197c,1.0,3
81.22.47.198,1.0,1
66.249.79.137,3.8979045368798877,33
66.249.79.9,1.0,3
66.249.79.139,3.5407184289972933,30
157.55.39.41,1.5591673732008657,3
66.249.79.159,1.0,26
207.46.13.143,1.0,1
157.55.39.11,1.0,1
54.36.149.72,1.0,1
54.36.148.154,1.0,1
207.46.13.167,1.0,1
149.202.54.70,1.9158883083359672,2
54.36.149.102,1.0,1
35.237.242.5,1.0,3
157.55.39.187,1.0,1
77.72.0.110,5.854857922812889,26
40.77.167.141,1.0,1
2002:6894:401a::6894:401a,4.654857922812889,26
77.75.78.172,1.0,1
2a02:598:a::78:172,1.0,1
207.46.13.45,1.0,2
198.143.156.52,1.9158883083359672,2
66.249.79.19,1.0,2
157.55.39.220,1.0,1
2001:8003:dd28:ba00:5457:448b:c4d1:46c0,1.0,1
98.186.202.64,1.0,1
105.184.13.7,1.0,7
46.160.110.146,1.0,2
104.198.108.192,1.0,1
34.83.40.119,1.0,1
3.84.228.228,3.5387371636790226,11
3.8.49.184,1.0,9
207.46.13.58,1.0,1
207.46.13.103,1.0,1
54.36.148.141,1.0,1
207.46.13.30,1.0,1
18.236.94.9,1.0,1
54.36.148.52,1.0,2
54.36.148.162,1.0,1
157.55.39.201,1.0,1
100.43.85.167,1.0,1
107.150.101.64,1.0,1
107.150.97.206,1.0,1
107.150.98.103,1.0,1
128.14.227.225,1.259167373200866,3
103.98.16.156,1.0,1
128.14.224.82,1.0,1
107.150.102.76,1.0,2
107.150.117.145,1.0,2
128.14.224.90,1.0,1
107.150.117.64,1.0,1
107.150.102.38,1.0,3
128.1.49.54,1.0,1
103.72.145.10,1.015888308335967,2
128.14.227.182,1.0,1
128.1.49.53,1.0,5
103.98.16.144,1.0,1
107.150.99.198,1.0,1
157.55.39.18,1.015888308335967,2
153.107.193.211,1.0,6
153.107.192.219,1.0,4
153.107.193.210,1.0,2
153.107.193.203,1.0,2
24.138.31.48,2.875055681536833,6
54.36.149.34,1.0,2
157.55.39.46,1.5591673732008657,3
40.77.167.30,1.0,2
207.46.13.148,1.0,1
41.78.169.20,2.875055681536833,6
213.182.211.133,1.0,1
40.77.167.174,1.0,3
54.69.137.122,1.0,2
207.46.13.126,1.259167373200866,3
54.36.148.172,1.0,1
66.249.79.158,1.7794415416798357,32
40.77.167.45,1.0,1
54.88.41.70,1.0,2
40.77.167.41,1.0,1
103.17.235.225,1.0,1
157.55.39.98,1.0,1
177.136.147.9,1.0,2
209.17.96.242,1.0,1
148.64.56.120,1.0,3
40.77.167.2,1.0,2
157.55.39.171,1.015888308335967,2
54.243.53.148,1.259167373200866,3
54.36.148.97,1.0,1
77.75.76.169,1.0,1
2a02:598:2::169,1.0,1
159.69.107.47,22.182175148131275,53
77.75.78.169,1.0,1
2a02:598:a::78:169,1.0,1
109.201.154.213,1.8599999999999999,1
40.77.167.103,1.5591673732008657,3
40.77.167.135,1.0,3
157.55.39.183,1.0,2
207.46.13.119,1.0,1
54.36.148.244,1.015888308335967,2
109.201.154.243,1.8599999999999999,1
2a02:c7f:9ca8:3a00:8814:29b:6a6a:5e69,1.0,7
109.201.154.229,1.8599999999999999,1
5.255.250.4,1.624830120661326,15
5.255.250.41,1.0,3
157.55.39.168,1.0,2
195.225.105.29,1.0,2
66.249.79.7,1.0,4
46.166.186.194,1.8599999999999999,1
66.249.79.23,1.0,4
54.36.148.51,1.0,2
207.46.13.64,1.8599999999999999,1
54.190.197.163,1.0,1
66.249.79.21,1.0,4
157.55.39.210,1.0,2
134.209.162.41,1.0,1
184.154.139.52,1.6482144432962915,190
17.58.100.18,1.467546089433188,7
40.77.167.134,1.0,1
54.185.2.193,1.0,2
66.249.79.155,1.0,1
72.14.199.95,1.0,1
157.55.39.73,1.0,1
46.166.190.150,1.0,1
157.55.39.6,1.0,1
157.55.39.188,1.0,2
54.36.148.137,1.0,1
2a03:2880:10ff:23::face:b00c,1.0,2
5.102.173.71,1.0,2
148.251.123.46,1.0,1
35.243.193.198,1.0,3
5.135.230.129,1.0750556815368328,6
54.36.149.32,1.0,1
54.36.148.213,1.0,1
54.36.149.35,1.0,1
184.154.139.51,1.013792845215855,66
157.55.39.37,1.0,1
40.77.167.158,1.0,1
173.44.41.243,1.9158883083359672,2
54.36.148.234,1.0,2
2001:41d0:2:859d::,1.0,1
193.70.34.209,1.5591673732008657,3
54.36.149.38,1.0,1
34.220.42.166,1.0,2
207.46.13.180,1.0,2
77.75.78.170,1.015888308335967,2
2a02:598:a::78:170,1.0,4
75.75.161.239,1.0,1
162.154.130.191,1.0,1
162.158.67.8,1.0,1
157.55.39.45,1.5591673732008657,3
157.55.39.125,1.0,1
157.55.39.5,1.259167373200866,3
207.46.13.121,1.0,1
40.77.167.168,1.0,2
40.77.167.77,1.0,1
54.36.148.61,1.0,1
157.55.39.66,1.0,2
157.55.39.32,1.0,1
157.55.39.151,1.0,1
192.0.85.73,1.0,2
207.46.13.159,1.0,1
2a02:c7f:b01a:f000:3075:29a6:4bdb:df81,2.4591673732008656,3
207.46.13.56,2.275055681536833,6
35.163.128.24,1.0,2
2a03:2880:20ff:24::face:b00c,1.0,1
207.46.13.82,1.0,1
5.9.104.30,2.6317766166719343,4
69.61.135.250,1.0,16
34.83.94.47,1.0,1
34.83.43.101,1.0,1
35.199.183.133,1.0,1
142.93.191.199,1.0,1
104.248.5.36,1.0,1
142.93.66.29,1.0,1
54.152.39.9,1.9158883083359672,2
54.87.13.102,1.0,1
80.84.57.40,1.0,1
80.84.57.117,1.0,2
80.84.57.98,1.0,1
80.84.57.114,1.0,2
80.84.57.100,1.259167373200866,3
80.84.57.115,1.0,2
80.84.57.99,1.0,2
80.84.57.109,1.0,1
80.84.57.108,1.0,1
80.84.57.101,1.0,1
80.84.57.104,1.0,1
80.84.57.96,1.0,1
80.84.57.102,1.015888308335967,2
80.84.57.113,1.0,1
80.84.57.118,1.0,1
80.84.57.107,1.0,1
80.84.57.106,1.0,1
34.229.89.104,1.0,1
52.201.231.111,1.0,2
188.165.29.110,1.9158883083359672,2
207.46.13.38,1.0,3
209.17.97.18,1.0,1
40.77.167.164,1.0,1
40.77.167.212,1.0,1
157.55.39.77,1.0,3
54.68.242.80,1.0,2
157.55.39.94,1.0,1
184.154.139.50,1.5762806310270552,62
54.36.148.43,1.0,1
24.101.183.227,18.966524318503986,61
157.55.39.130,1.0,2
217.23.233.124,1.0,7
157.55.39.217,1.0,2
157.55.39.50,1.0,1
213.241.20.201,1.0,1
157.55.39.29,1.0,4
157.55.39.21,1.015888308335967,2
2a0c:c80:0:7577::2,1.9158883083359672,2
207.46.13.202,1.0,1
77.75.76.172,1.0,1
2a02:598:2::172,1.0,1
77.75.79.62,1.0,1
2a02:598:a::79:62,1.0,1
185.144.82.243,1.0,2
34.248.57.82,1.0,2
157.55.39.36,1.7317766166719344,4
157.55.39.241,1.0,1
66.249.87.20,1.0,1
66.249.87.103,1.0,1
207.46.13.22,1.0,1
157.55.39.75,1.0,2
54.36.148.55,1.0,1
157.55.39.236,1.0,3
207.46.13.191,1.0,2
138.246.253.5,3.2909439898728,12
54.185.128.201,1.0,3
46.101.135.134,1.9158883083359672,2
207.46.13.102,1.0,3
35.193.43.61,1.0,1
151.50.252.59,2.76566274746046,5
35.239.19.179,1.0,1
34.202.93.213,2.3317766166719345,4
2001:41d0:1:8740::1,1.0,1
194.153.113.100,1.8591673732008658,3
2001:bc8:3147:700::,1.0,2
201.54.159.14,1.0,2
104.155.169.214,1.0,1
35.192.34.159,1.0,1
35.226.75.74,1.0,1
54.36.148.39,1.015888308335967,2
146.148.78.180,1.0,1
66.249.64.183,1.0,4
77.88.47.70,1.0,1
54.145.7.201,1.0,1
35.188.161.51,1.0,1
72.14.199.73,1.0,1
35.202.124.144,1.0,1
157.55.39.142,1.0,3
35.184.157.42,1.0,1
194.110.89.180,1.0,2
35.196.22.225,1.0,2
35.231.101.59,1.0,2
91.152.228.78,1.0,1
192.173.3.108,1.0,7
216.244.66.235,6.950111363073665,36
157.55.39.150,1.0,2
2607:5300:60:f6e::1,2.4476649250079014,8
2a02:c7f:b01a:f000:d52:22f8:c07d:64f4,1.0,1
54.245.41.98,1.0,2
107.77.161.5,1.0,9
207.46.13.132,1.0,1
64.188.16.197,1.9158883083359672,2
54.208.102.37,1.0,3
96.127.158.234,1.0,4
2a03:2880:31ff:8::face:b00c,1.0,2
207.46.13.199,1.259167373200866,3
157.55.39.47,1.015888308335967,2
207.46.13.222,1.0,2
54.36.148.65,1.0,1
69.12.86.217,1.0,1
157.55.39.19,1.0,1
207.46.13.11,1.0,4
2001:4ca0:108:42::5,2.6317766166719343,4
34.220.175.30,1.0,2
2607:5300:60:4a95::,1.0,2
51.77.2.7,2.4476649250079014,8
207.46.13.108,1.0,2
162.158.68.32,1.0,1
2a03:2880:ff:4::face:b00c,1.0,2
54.36.149.33,1.0,2
54.36.148.24,1.0,1
2a03:2880:20ff:23::face:b00c,1.0,2
207.46.13.43,1.0,2
52.30.152.11,2.575055681536833,6
46.166.137.214,1.8599999999999999,1
23.248.162.6,1.0,1
107.150.96.128,1.0,1
107.150.117.210,1.0,1
103.98.16.192,1.0,1
107.150.97.227,1.0,1
128.1.49.210,1.0,1
103.98.16.190,1.0,1
107.150.100.199,1.0,1
128.14.224.62,1.0,1
107.150.117.113,1.0,1
107.150.102.145,1.0,1
167.114.209.38,1.0,3
54.36.148.229,1.015888308335967,2
69.12.86.78,1.0,2
212.32.245.142,1.0,2
207.46.13.10,1.0,2
209.17.96.18,1.56,1
54.36.149.80,1.0,1
54.36.148.127,1.0,1
2600:1702:1060:d20:e83d:1452:87c5:b940,1.0,7
40.77.167.122,1.0,2
83.137.192.90,1.9158883083359672,2
77.75.78.162,1.0,1
2a02:598:a::78:162,1.0,2
213.147.111.187,1.9158883083359672,2
52.90.236.92,1.0,1
77.75.78.171,1.0,1
2a02:598:a::78:171,1.0,1
54.36.148.143,1.0,1
2a01:4f8:10b:414::2,1.9158883083359672,2
189.216.198.30,1.0,1
104.248.88.233,1.9158883083359672,2
199.127.56.236,1.0,5
86.151.136.89,1.924830120661326,15
207.46.13.3,1.0,1
107.21.1.8,1.0,3
46.166.190.159,1.8599999999999999,1
91.124.176.67,2.875055681536833,6
54.36.148.116,1.0,1
162.158.66.6,1.0,1
2a03:2880:30ff:d::face:b00c,1.0,2
2a03:2880:20ff:2b::face:b00c,1.0,2
195.154.191.98,1.0,2
207.46.13.183,1.7317766166719344,4
46.166.190.161,1.8599999999999999,1
72.11.135.189,1.9158883083359672,2
54.86.205.155,1.0,2
40.77.167.132,1.0,1
51.68.84.13,21.559095379634595,51
2a03:2880:10ff:27::face:b00c,1.0,2
157.55.39.113,1.0,3
162.158.64.75,1.0,1
2a03:2880:13ff:c::face:b00c,1.0,2
2a03:2880:21ff:1::face:b00c,1.0,2
54.190.13.36,1.0,2
157.55.39.35,1.0,1
157.55.39.104,1.0,2
2a03:2880:ff:2b::face:b00c,1.0,2
54.36.148.81,1.0,1
207.46.13.16,1.0,2
54.36.149.10,1.0,1
207.46.13.147,1.0,2
2806:109f:11:d121:1c08:bff:3dd5:b551,2.875055681536833,6
88.214.26.56,1.0,2
2a03:2880:21ff:27::face:b00c,1.0,2
54.36.148.230,1.0,1
35.237.204.229,1.0,3
157.55.39.57,1.0,2
137.226.113.26,1.0,2
2a02:c7f:b01a:f000:88d1:6a97:786:7da7,1.0,2
207.46.13.80,1.0,2
54.245.186.234,1.0,2
40.77.167.173,1.0,1
209.17.96.226,1.0,1
2a03:2880:ff:25::face:b00c,1.0,2
157.55.39.34,1.5591673732008657,3
2604:6000:1207:8269:bc8f:32e9:7bf:ca29,1.0,10
157.55.39.182,1.0,2
66.172.248.138,1.0,6
47.88.2.245,1.0,2
3.83.244.250,1.0,1
40.77.167.146,1.0,2
157.55.39.14,1.0,1
137.226.113.28,1.0,2
40.77.167.78,1.0,3
137.226.113.27,1.0,2
54.219.159.95,1.0,1
157.55.39.87,1.0,2
2a02:c7f:b01a:f000:8d7e:7e00:55fd:a0b7,1.0,1
35.166.26.236,1.0,2
157.55.39.159,1.0,1
2607:fb90:3081:7e99:0:9:493d:b01,1.0,16
23.94.250.18,1.0,2
63.239.33.129,1.0,4
45.252.249.203,1.0,2
59.100.157.26,1.0,11
209.17.97.34,1.0,1
40.77.167.104,1.0,2
40.77.167.117,1.015888308335967,2
40.77.167.181,1.0,3
157.55.39.26,1.0,2
157.55.39.10,1.0,2
221.124.208.116,2.215888308335967,2
162.158.71.27,1.0,1
68.39.25.188,1.0,13
70.63.90.90,1.0,12
109.201.154.164,1.0,1
34.222.103.80,1.0,3
104.42.6.172,1.0,2
77.75.78.165,1.0,1
2a02:598:a::78:165,1.0,1
2001:4800:7817:101:7df:4781:ff05:984,1.259167373200866,3
137.226.113.34,1.0,2
50.19.30.243,1.0,3
52.91.242.140,1.0,3
184.154.47.2,1.0,3
54.163.44.103,1.0,2
40.77.167.139,1.0,4
2a02:c7f:b01a:f000:31c7:eb38:bdfb:c0a,1.0,1
207.46.13.197,1.0,1
109.201.154.232,1.8599999999999999,1
40.77.167.60,1.0,1
157.55.39.192,1.0,1
157.55.39.106,1.0,1
40.77.167.222,1.0,2
157.55.39.23,1.015888308335967,2
157.55.39.108,1.0,1
109.201.154.247,1.8599999999999999,1
109.201.138.233,1.0,1
207.46.13.93,1.0,1
157.55.39.250,1.0,2
185.120.220.54,1.0,2
2001:41d0:a:4f1::1,1.9158883083359672,2
46.166.188.247,1.8599999999999999,1
46.166.190.170,1.0,1
205.237.95.122,1.0,1
34.215.61.19,1.0,2
54.153.11.73,1.0,1
2607:5300:60:d15::1,1.9158883083359672,2
54.36.148.119,1.0,1
34.209.75.34,1.0,2
207.89.22.100,1.8476649250079014,8
54.36.148.170,1.0,1
35.189.231.248,2.133208836893648,35
40.77.167.84,1.0,1
51.91.13.84,1.8591673732008658,3
45.118.136.44,2.76566274746046,5
54.36.149.42,1.0,2
46.166.190.136,1.8599999999999999,1
54.236.1.18,1.0,4
157.55.39.97,1.0,2
149.202.62.72,4.2591673732008655,3
40.77.167.34,1.0,2
199.16.157.181,1.0,2
54.36.148.217,1.0,1
120.29.100.171,1.1342230547376988,18
35.243.236.162,1.0,3
207.46.13.113,1.0,1
54.36.149.41,1.0,1
2601:3c7:c100:4e16:1125:4711:22e0:8926,1.0,16
52.12.227.94,1.0,2
54.36.149.86,1.0,1
40.77.167.142,1.0,2
207.46.13.125,1.0,2
207.46.13.79,1.0,1
54.36.149.99,1.0,1
2a03:2880:10ff:13::face:b00c,1.0,2
168.166.80.243,1.0,5
157.55.39.255,1.0,2
40.77.167.119,1.0,1
100.2.158.62,1.0,1
209.17.97.82,1.0,2
188.166.116.151,1.0,3
40.77.167.195,1.0,1
40.77.167.74,2.067546089433188,7
40.77.167.221,1.0,1
46.166.186.228,1.8599999999999999,1
5.9.94.207,1.0,2
209.17.96.42,1.0,1
134.41.34.22,1.0,2
176.187.211.21,2.875055681536833,6
40.77.167.166,1.0,1
72.14.199.94,1.0,1
2605:6000:1a12:4762:5419:f8e8:7c36:13e1,1.0,8
54.36.148.118,1.0,1
2a03:2880:21ff::face:b00c,1.0,2
2a03:2880:13ff:6::face:b00c,1.0,2
2a03:2880:13ff:5::face:b00c,1.0,3
86.175.235.192,100.0,1318
54.208.16.197,1.0,4
2a03:2880:ff:29::face:b00c,1.0,2
202.14.12.94,1.0,3
2601:1c2:600:2cf3:8cde:624e:a9b1:6d4,1.0,19
34.201.135.61,1.0,1
35.233.210.227,2.4591673732008656,3
35.227.156.8,1.0,1
35.227.161.18,1.0,1
104.198.14.136,1.0,2
35.227.170.206,1.0,1
35.247.62.240,1.0,2
3.91.29.186,1.0,1
54.152.207.191,1.0,1
51.68.144.25,1.0,1
138.201.249.86,2.215888308335967,2
207.46.13.210,1.0,1
52.13.52.52,1.0,3
2a03:2880:ff:17::face:b00c,1.0,3
2a03:2880:ff:9::face:b00c,1.0,3
2a03:2880:ff:20::face:b00c,1.0,2
194.59.251.89,8.281551055796427,10
109.201.152.11,1.8599999999999999,1
199.38.171.86,1.467546089433188,7
157.55.39.43,1.0,1
207.46.13.109,1.0,2
2620:101:2002:11a4::1014,1.0,1
207.46.13.115,1.0,2
54.36.148.188,1.0,1
109.201.152.27,1.8599999999999999,1
40.77.167.73,1.0,1
2001:41d0:2:c559::,1.0,2
40.77.167.129,1.0,2
40.77.167.101,1.0,1
207.46.13.15,1.0,1
2001:41d0:a:ff59::1,1.0,1
66.249.75.75,1.0,1
66.249.75.77,1.0,1
66.249.75.66,1.0,1
23.247.81.42,1.259167373200866,3
194.209.25.137,1.0,2
157.55.39.116,1.0,1
62.210.111.29,2.16566274746046,5
98.218.149.215,1.0,4
54.36.148.108,1.0,1
52.26.15.148,1.0,2
54.36.148.105,1.0,1
209.17.97.10,1.0,1
40.77.167.75,1.0,1
35.244.31.15,1.9158883083359672,2
40.77.167.25,1.0,1
54.36.149.11,1.0,1
157.55.39.219,1.0,1
54.36.148.150,1.0,1
157.55.39.215,1.0,1
157.55.39.79,1.015888308335967,2
209.17.97.98,1.0,1
35.237.6.60,1.0,3
46.166.137.198,2.159167373200866,3
40.77.167.215,1.0,1
40.77.167.70,1.0,1
2a01:4f8:231:2a8::2,1.9158883083359672,2
96.244.52.147,1.0,12
207.46.13.181,1.0,2
52.27.213.84,1.0,2
207.241.229.150,1.0,4
185.3.133.4,1.0,3
144.168.162.250,1.0,2
109.201.154.248,1.8599999999999999,1
207.241.231.148,1.0,2
180.150.15.162,1.0,7
34.83.83.2,1.0,1
35.247.50.220,1.0,1
40.77.167.143,1.0,1
109.201.154.136,1.8599999999999999,1
46.166.188.249,1.0,1
157.55.39.33,1.0,1
157.55.39.194,2.159167373200866,3
207.46.13.134,1.0,1
120.29.100.9,1.0,7
3.87.90.246,1.0,2
207.241.229.149,1.0,2
66.249.70.14,1.1909439898728,12
66.249.70.16,1.4317766166719343,4
3.89.26.104,3.0476649250079015,8
40.77.167.69,1.0,1
40.77.167.33,1.4317766166719343,4
79.98.129.101,1.9158883083359672,2
34.220.119.160,1.0,2
175.158.225.195,2.875055681536833,6
2a02:c7f:b01a:f000:fd30:5537:7e7a:8ff3,1.0,1
157.55.39.211,1.0,1
13.57.205.111,2.215888308335967,2
46.166.186.231,1.0,1
207.241.231.144,1.0,2
157.55.39.17,1.0,1
77.75.77.109,1.0,1
2a02:598:2::1109,1.0,1
109.201.154.167,1.8599999999999999,1
188.53.3.12,2.875055681536833,6
157.55.39.205,1.015888308335967,2
52.53.222.225,1.8599999999999999,1
2600:3000:2710:200::1d,1.0,2
2600:3000:2710:200::1e,1.0,1
45.63.15.169,1.0,2
38.130.185.99,1.0,1
23.27.144.145,1.0,1
17.58.103.217,1.0,1
109.201.152.4,1.8599999999999999,1
157.55.39.166,1.0,2
5.45.64.76,1.0,1
54.36.148.33,1.0,1
54.183.134.56,1.8599999999999999,1
51.79.27.185,1.4317766166719343,4
35.165.94.112,1.0,3
163.172.119.161,1.0,1
40.77.167.172,1.0,2
2a03:2880:ff:e::face:b00c,1.0,2
109.201.154.138,1.8599999999999999,1
35.205.150.78,1.9158883083359672,2
66.249.64.171,1.0,3
66.249.64.169,1.0,1
2a03:2880:21ff:22::face:b00c,1.0,2
66.249.70.5,1.0,8
209.17.97.122,1.0,1
207.46.13.229,1.0,1
124.158.16.173,1.0,7
3.88.229.131,1.8599999999999999,1
66.249.70.18,1.0,4
34.235.233.220,1.0,1
157.55.39.214,1.0,1
195.224.90.5,2.76566274746046,5
151.55.39.246,1.0,1
66.249.70.7,1.0,6
54.186.21.230,1.0,2
207.46.13.204,1.0,3
109.201.154.168,1.8599999999999999,1
109.201.138.237,1.0,1
194.187.249.46,1.9750556815368328,6
66.249.70.1,1.0,6
157.55.39.170,1.3750556815368329,6
23.100.232.233,1.0,10
62.4.14.198,1.0,1
157.55.39.83,1.0,3
3.95.56.203,1.8599999999999999,1
2607:fea8:d180:974:dd08:d78c:5a65:a0e8,1.0,15
195.154.61.206,1.0,1
46.166.190.156,1.8599999999999999,1
54.36.148.115,1.0,1
54.36.148.20,1.0,1
35.227.184.91,1.0,1
35.227.171.71,1.0,1
35.233.157.122,1.0,1
209.17.96.50,1.0,1
35.227.164.142,1.0,1
162.155.121.234,1.0,7
2a03:2880:20ff::face:b00c,1.0,1
54.36.149.30,1.0,1
54.36.148.176,1.0,1
2a03:2880:ff:13::face:b00c,1.0,1
223.18.42.235,1.1317766166719343,4
54.92.208.26,1.0,1
157.55.39.154,1.0,1
34.66.143.139,1.0,1
138.201.125.171,1.0,7
192.173.3.102,1.0,7
192.173.3.114,0.0,1268
173.252.83.8,1.0,2
173.252.83.3,1.0,3
173.252.83.1,1.0,4
173.252.83.12,1.0,2
173.252.83.4,1.0,2
173.252.83.16,1.0,2
173.252.83.6,1.0,1
173.252.83.10,1.0,1
173.252.83.15,1.0,4
173.252.83.5,1.0,1
173.252.83.13,1.0,2
173.252.83.2,1.0,2
173.252.83.14,1.0,2
173.252.83.11,1.0,2
31.13.115.28,1.0,1
5.151.197.128,1.0,48
31.13.115.27,1.0,2
31.13.115.12,1.0,2
54.191.137.17,1.0,75
86.134.124.66,81.33640897860931,260
192.0.103.4,1.0,1
192.0.86.80,1.0,1
192.0.87.169,1.0,1
192.0.87.163,1.0,1
192.0.86.198,1.0,2
192.0.86.67,1.0,1
192.0.89.53,1.0,3
192.0.89.57,1.0,1
192.0.87.150,1.0,1
192.0.85.107,1.0,1
192.0.87.53,1.0,1
192.0.87.40,1.0,1
192.0.89.63,1.0,1
192.0.87.47,1.0,1
192.0.87.136,1.0,1
192.0.87.23,1.0,1
192.0.87.43,1.0,1
192.0.87.122,1.0,1
192.0.87.173,1.0,1
192.0.87.120,1.0,1
192.0.87.11,1.0,1
192.0.87.159,1.0,1
192.0.91.169,1.0,1
195.234.109.124,1.0,1
195.234.109.72,1.0,1
192.0.86.98,1.0,1
192.0.101.226,1.8599999999999999,1
